Platform,Total_Revenue,Transactions,Avg_Order,Avg_Satisfaction,Return_Rate
Amazon Nigeria,8383331.9,73,114840.16301369864,3.8219178082191783,0.136986301369863
Instagram Shop,3457359.2800000003,47,73560.83574468085,3.8085106382978724,0.19148936170212766
Jiji,11665787.08,155,75263.1424516129,3.5935483870967744,0.16774193548387098
Jumia,30606655.09,309,99050.66372168285,3.6310679611650487,0.20388349514563106
Konga,16359284.58,183,89394.99770491803,3.650273224043716,0.15846994535519127
PayPorte,6218469.13,92,67592.05576086957,3.5760869565217392,0.18478260869565216
Shoprite Online,9785433.5,101,96885.4801980198,3.801980198019802,0.15841584158415842
WhatsApp Commerce,2197999.45,40,54949.98625,3.975,0.225
